,cluster,total_size,n_characterized,most_unique_product_count_mean,network_size
0,19,198583,0,0.0,2757
1,7,61590,1,2.0,1308
2,110,57904,0,0.0,1239
3,4,44342,11,11.636363636363637,1505
4,18,22853,0,0.0,497
5,0,20658,238,13.218487394957982,1223
6,1,20456,286,15.604895104895105,1245
7,897,20353,2,1.0,563
8,191,19967,0,0.0,971
9,16,18217,7,2.7142857142857144,395
10,38,18018,7,7.571428571428571,621
11,13,12144,5,13.0,590
12,2,11324,140,11.664285714285715,596
13,43,11128,35,6.057142857142857,810
14,44,9478,74,4.581081081081081,742
15,9,8063,115,19.243478260869566,367
16,94,7652,4,3.0,237
17,218,7110,5,5.0,334
18,12,5051,20,14.0,192
19,748,3449,0,0.0,95
20,174,2991,0,0.0,213
21,23,2480,54,8.25925925925926,349
22,751,2396,0,0.0,20
23,222,2141,0,0.0,334
24,750,1564,0,0.0,21
25,777,1360,0,0.0,27
26,24,1093,0,0.0,162
27,39,962,0,0.0,141
28,36,924,6,7.0,88
29,45,863,6,1.5,120
30,352,811,0,0.0,100
31,268,768,0,0.0,72
32,20,748,6,5.5,152
33,255,678,2,1.0,80
34,265,638,0,0.0,11
35,321,509,0,0.0,123
36,262,476,1,1.0,110
37,166,452,2,1.0,73
38,56,420,4,4.0,49
39,553,374,0,0.0,12
40,744,367,0,0.0,53
41,779,337,0,0.0,67
42,83,333,0,0.0,16
43,276,332,0,0.0,20
44,35,332,5,2.4,72
45,330,313,0,0.0,25
46,1169,303,0,0.0,3
47,338,291,0,0.0,20
48,259,267,18,18.0,50
49,224,265,1,24.0,54
50,3,262,2,20.0,49
51,1173,249,0,0.0,5
52,1152,247,0,0.0,5
53,747,240,0,0.0,55
54,551,237,0,0.0,16
55,217,221,0,0.0,23
56,1134,219,0,0.0,7
57,756,216,0,0.0,7
58,366,210,0,0.0,42
59,275,204,0,0.0,16
60,789,196,0,0.0,28
61,620,196,0,0.0,16
62,483,192,0,0.0,55
63,599,191,0,0.0,16
64,1187,191,0,0.0,3
65,349,189,0,0.0,40
66,835,184,0,0.0,9
67,480,164,0,0.0,14
68,863,162,0,0.0,6
69,122,161,2,8.0,41
70,1198,156,0,0.0,3
71,343,153,8,5.125,19
72,923,150,0,0.0,15
73,816,142,0,0.0,35
74,494,139,0,0.0,7
75,6,135,2,5.0,24
76,486,133,0,0.0,17
77,53,132,0,0.0,28
78,884,130,0,0.0,17
79,754,130,0,0.0,21
80,274,123,0,0.0,15
81,315,120,1,1.0,5
82,231,114,0,0.0,10
83,745,114,0,0.0,7
84,339,112,0,0.0,4
85,596,106,0,0.0,13
86,742,106,0,0.0,5
87,414,103,0,0.0,5
88,836,101,0,0.0,8
89,346,100,0,0.0,22
90,790,94,0,0.0,11
91,468,94,0,0.0,22
92,240,92,0,0.0,2
93,841,92,0,0.0,15
94,853,90,0,0.0,9
95,455,87,0,0.0,11
96,557,86,0,0.0,3
97,92,84,0,0.0,21
98,130,84,8,5.5,32
99,233,83,0,0.0,11
100,1474,81,1,1.0,2
101,617,79,0,0.0,18
102,210,79,0,0.0,5
103,846,77,0,0.0,4
104,63,76,0,0.0,26
105,743,73,0,0.0,20
106,818,73,0,0.0,9
107,1355,71,0,0.0,2
108,300,69,2,2.0,7
109,298,68,0,0.0,25
110,788,67,0,0.0,21
111,1437,66,0,0.0,1
112,524,65,0,0.0,7
113,81,63,2,2.0,10
114,420,63,0,0.0,8
115,253,62,0,0.0,14
116,813,62,0,0.0,6
117,783,61,0,0.0,5
118,799,60,0,0.0,5
119,254,60,0,0.0,8
120,371,59,0,0.0,4
121,866,57,0,0.0,6
122,646,57,0,0.0,25
123,606,57,0,0.0,21
124,246,56,0,0.0,7
125,167,55,0,0.0,12
126,312,55,0,0.0,17
127,765,54,0,0.0,4
128,736,54,0,0.0,19
129,979,52,0,0.0,9
130,169,51,17,2.8823529411764706,33
131,489,50,0,0.0,23
132,1403,50,0,0.0,4
133,618,49,0,0.0,4
134,612,49,0,0.0,5
135,334,48,0,0.0,3
136,333,47,0,0.0,3
137,1321,46,0,0.0,2
138,270,45,0,0.0,8
139,1303,43,0,0.0,5
140,859,43,0,0.0,9
141,871,43,0,0.0,12
142,258,41,0,0.0,11
143,364,41,0,0.0,6
144,964,41,0,0.0,1
145,872,41,0,0.0,9
146,849,40,0,0.0,5
147,513,39,0,0.0,2
148,814,39,0,0.0,9
149,212,39,2,6.0,5
150,829,38,0,0.0,12
151,495,38,0,0.0,5
152,82,38,1,2.0,6
153,359,37,0,0.0,3
154,796,37,0,0.0,12
155,1454,36,0,0.0,4
156,382,35,0,0.0,5
157,368,35,0,0.0,7
158,1280,34,0,0.0,2
159,225,34,0,0.0,3
160,302,34,1,1.0,7
161,91,34,0,0.0,6
162,1150,33,0,0.0,3
163,239,32,0,0.0,4
164,111,32,0,0.0,4
165,484,32,0,0.0,1
166,22,32,0,0.0,2
167,1097,32,0,0.0,6
168,322,32,0,0.0,3
169,230,31,0,0.0,8
170,296,31,0,0.0,3
171,282,30,0,0.0,5
172,815,30,0,0.0,5
173,773,30,0,0.0,12
174,485,29,0,0.0,3
175,415,29,0,0.0,1
176,534,29,0,0.0,5
177,573,28,0,0.0,5
178,405,28,0,0.0,9
179,775,28,0,0.0,9
180,749,27,0,0.0,6
181,207,27,0,0.0,15
182,1281,26,0,0.0,5
183,881,26,0,0.0,4
184,704,26,0,0.0,7
185,57,24,0,0.0,5
186,490,23,0,0.0,6
187,642,23,0,0.0,8
188,536,22,0,0.0,5
189,356,22,0,0.0,5
190,669,22,0,0.0,5
191,416,22,0,0.0,1
192,1030,22,0,0.0,3
193,427,22,0,0.0,6
194,273,22,0,0.0,6
195,811,22,0,0.0,10
196,179,21,2,3.0,8
197,825,21,0,0.0,6
198,289,21,0,0.0,2
199,466,21,0,0.0,3
200,242,20,0,0.0,3
201,180,20,0,0.0,7
202,277,20,0,0.0,1
203,1009,20,0,0.0,2
204,26,19,0,0.0,5
205,1273,19,0,0.0,5
206,1390,19,0,0.0,2
207,70,19,0,0.0,5
208,891,19,0,0.0,4
209,1007,19,0,0.0,3
210,1124,19,0,0.0,2
211,1024,19,0,0.0,8
212,317,19,1,1.0,3
213,1451,18,0,0.0,1
214,105,18,0,0.0,4
215,645,18,0,0.0,7
216,303,18,0,0.0,3
217,89,17,0,0.0,2
218,776,17,0,0.0,4
219,1055,17,0,0.0,1
220,1099,17,0,0.0,2
221,10,17,0,0.0,6
222,1453,17,0,0.0,1
223,67,17,0,0.0,3
224,293,17,0,0.0,1
225,539,17,0,0.0,6
226,874,16,0,0.0,2
227,182,16,0,0.0,3
228,280,16,0,0.0,6
229,107,16,0,0.0,7
230,209,16,0,0.0,3
231,1373,15,0,0.0,2
232,25,15,0,0.0,5
233,49,15,0,0.0,5
234,1360,15,0,0.0,2
235,808,15,0,0.0,1
236,196,15,0,0.0,6
237,1285,15,0,0.0,1
238,629,15,1,1.0,2
239,1141,15,0,0.0,6
240,1156,15,0,0.0,1
241,1176,15,0,0.0,5
242,1364,14,0,0.0,3
243,69,14,0,0.0,3
244,1361,14,0,0.0,3
245,234,14,0,0.0,3
246,380,14,0,0.0,5
247,27,14,0,0.0,8
248,1283,14,0,0.0,2
249,855,14,0,0.0,7
250,851,14,0,0.0,3
251,1022,13,0,0.0,1
252,1252,13,0,0.0,1
253,208,13,0,0.0,3
254,388,13,0,0.0,4
255,1391,13,0,0.0,2
256,572,13,0,0.0,4
257,1267,13,0,0.0,2
258,601,13,0,0.0,3
259,1334,13,0,0.0,5
260,476,13,0,0.0,4
261,134,13,2,5.0,9
262,1158,12,0,0.0,5
263,401,12,0,0.0,2
264,1222,12,0,0.0,1
265,567,12,0,0.0,3
266,402,12,0,0.0,1
267,394,12,0,0.0,5
268,593,12,0,0.0,2
269,404,12,0,0.0,3
270,328,12,0,0.0,2
271,248,12,0,0.0,6
272,657,12,0,0.0,6
273,47,12,0,0.0,5
274,66,12,0,0.0,4
275,183,12,0,0.0,6
276,449,12,0,0.0,4
277,605,12,0,0.0,2
278,186,12,0,0.0,1
279,927,12,0,0.0,5
280,285,12,0,0.0,4
281,900,12,0,0.0,1
282,879,12,0,0.0,2
283,204,12,0,0.0,2
284,477,12,0,0.0,2
285,807,12,0,0.0,2
286,552,11,0,0.0,4
287,543,11,0,0.0,3
288,1393,11,0,0.0,2
289,1299,11,0,0.0,1
290,86,11,0,0.0,4
291,764,11,0,0.0,6
292,407,11,0,0.0,1
293,308,11,0,0.0,3
294,817,11,0,0.0,1
295,907,11,0,0.0,3
296,782,11,0,0.0,2
297,149,11,0,0.0,4
298,307,11,0,0.0,3
299,141,11,1,1.0,4
300,810,11,0,0.0,4
301,667,11,0,0.0,4
302,1458,10,0,0.0,4
303,1459,10,0,0.0,1
304,1460,10,0,0.0,1
305,820,10,0,0.0,6
306,800,10,0,0.0,3
307,21,10,0,0.0,1
308,442,10,0,0.0,3
309,650,10,0,0.0,5
310,344,10,1,1.0,3
311,93,10,1,1.0,3
312,119,10,0,0.0,1
313,1207,10,0,0.0,3
314,589,10,0,0.0,4
315,1211,10,0,0.0,2
316,424,10,0,0.0,1
317,313,10,0,0.0,1
318,678,10,0,0.0,1
319,471,9,0,0.0,1
320,549,9,0,0.0,1
321,369,9,0,0.0,1
322,386,9,0,0.0,5
323,535,9,0,0.0,1
324,604,9,0,0.0,5
325,527,9,0,0.0,2
326,433,9,0,0.0,2
327,595,9,0,0.0,5
328,839,9,0,0.0,4
329,1140,9,0,0.0,2
330,794,9,0,0.0,3
331,1195,9,0,0.0,3
332,1392,9,0,0.0,1
333,990,9,0,0.0,2
334,1253,9,0,0.0,3
335,951,9,0,0.0,2
336,929,9,0,0.0,2
337,197,9,0,0.0,3
338,1277,9,0,0.0,1
339,457,9,0,0.0,2
340,260,9,0,0.0,1
341,1308,9,0,0.0,3
342,228,9,1,1.0,4
343,1170,9,0,0.0,3
344,320,9,0,0.0,1
345,753,9,0,0.0,5
346,762,9,0,0.0,2
347,5,9,0,0.0,5
348,113,8,0,0.0,1
349,889,8,0,0.0,1
350,505,8,0,0.0,1
351,413,8,0,0.0,3
352,1042,8,0,0.0,1
353,77,8,0,0.0,3
354,128,8,0,0.0,5
355,503,8,0,0.0,2
356,710,8,0,0.0,1
357,396,8,0,0.0,2
358,1136,8,0,0.0,4
359,399,8,0,0.0,3
360,88,8,7,1.7142857142857142,8
361,288,8,0,0.0,1
362,1259,8,0,0.0,1
363,668,8,0,0.0,3
364,860,8,0,0.0,1
365,1325,8,0,0.0,1
366,473,8,0,0.0,2
367,103,8,0,0.0,2
368,422,8,0,0.0,5
369,1288,8,0,0.0,2
370,798,8,0,0.0,2
371,792,8,0,0.0,2
372,95,8,0,0.0,3
373,1171,7,0,0.0,2
374,517,7,0,0.0,1
375,1185,7,0,0.0,1
376,418,7,0,0.0,3
377,1290,7,0,0.0,3
378,1203,7,0,0.0,1
379,425,7,0,0.0,5
380,506,7,0,0.0,2
381,487,7,0,0.0,1
382,1219,7,0,0.0,3
383,1165,7,0,0.0,1
384,1289,7,0,0.0,2
385,1057,7,0,0.0,3
386,711,7,0,0.0,2
387,1438,7,0,0.0,1
388,342,7,0,0.0,3
389,673,7,0,0.0,1
390,314,7,0,0.0,2
391,648,7,0,0.0,2
392,279,7,0,0.0,3
393,264,7,0,0.0,2
394,257,7,0,0.0,3
395,822,7,0,0.0,2
396,823,7,0,0.0,2
397,37,7,0,0.0,3
398,856,7,0,0.0,2
399,1440,7,0,0.0,2
400,78,7,0,0.0,3
401,610,7,0,0.0,3
402,956,7,0,0.0,2
403,1131,7,0,0.0,1
404,1394,7,0,0.0,1
405,967,7,0,0.0,2
406,1032,7,0,0.0,2
407,1111,7,0,0.0,1
408,1066,7,0,0.0,2
409,1073,7,0,0.0,2
410,1366,6,0,0.0,1
411,1343,6,0,0.0,2
412,465,6,0,0.0,2
413,1365,6,0,0.0,2
414,1376,6,0,0.0,2
415,1362,6,0,0.0,1
416,1471,6,0,0.0,1
417,1445,6,0,0.0,1
418,1359,6,0,0.0,3
419,722,6,0,0.0,2
420,1335,6,0,0.0,1
421,869,6,0,0.0,4
422,729,6,0,0.0,1
423,691,6,0,0.0,4
424,797,6,0,0.0,2
425,635,6,0,0.0,1
426,633,6,2,15.0,3
427,632,6,0,0.0,1
428,622,6,0,0.0,2
429,877,6,0,0.0,1
430,1261,6,0,0.0,3
431,966,6,0,0.0,1
432,1110,6,0,0.0,2
433,564,6,0,0.0,1
434,1197,6,0,0.0,1
435,1212,6,0,0.0,2
436,1218,6,0,0.0,2
437,540,6,0,0.0,1
438,464,6,0,0.0,2
439,755,6,0,0.0,1
440,42,6,0,0.0,3
441,384,6,0,0.0,1
442,40,6,0,0.0,3
443,429,6,0,0.0,2
444,247,6,0,0.0,2
445,430,6,0,0.0,2
446,101,6,0,0.0,3
447,41,6,0,0.0,3
448,263,6,0,0.0,4
449,309,6,0,0.0,2
450,140,6,0,0.0,2
451,329,6,0,0.0,2
452,331,6,0,0.0,1
453,348,6,0,0.0,3
454,74,6,0,0.0,2
455,84,6,0,0.0,2
456,155,6,0,0.0,1
457,377,6,0,0.0,1
458,375,6,0,0.0,1
459,403,5,0,0.0,3
460,138,5,1,24.0,3
461,1306,5,0,0.0,1
462,406,5,0,0.0,1
463,408,5,0,0.0,1
464,286,5,0,0.0,3
465,1086,5,0,0.0,1
466,150,5,0,0.0,1
467,1377,5,0,0.0,1
468,812,5,0,0.0,3
469,603,5,0,0.0,2
470,1415,5,0,0.0,1
471,1378,5,0,0.0,1
472,1452,5,0,0.0,1
473,419,5,0,0.0,2
474,656,5,0,0.0,3
475,819,5,0,0.0,3
476,423,5,0,0.0,3
477,58,5,0,0.0,2
478,831,5,0,0.0,2
479,1455,5,0,0.0,2
480,1313,5,0,0.0,1
481,1076,5,0,0.0,2
482,760,5,0,0.0,1
483,319,5,0,0.0,1
484,1367,5,0,0.0,1
485,1358,5,0,0.0,1
486,1418,5,0,0.0,1
487,693,5,0,0.0,1
488,1046,5,0,0.0,1
489,1154,5,0,0.0,2
490,1079,5,0,0.0,2
491,1422,5,0,0.0,1
492,1342,5,0,0.0,1
493,1338,5,0,0.0,1
494,724,5,0,0.0,2
495,1161,5,0,0.0,1
496,340,5,0,0.0,2
497,739,5,0,0.0,2
498,741,5,0,0.0,1
499,428,5,0,0.0,2
500,1409,5,0,0.0,1
501,397,5,0,0.0,1
502,571,5,0,0.0,1
503,613,5,0,0.0,2
504,666,5,0,0.0,1
505,838,5,0,0.0,5
506,1208,5,0,0.0,1
507,229,5,0,0.0,1
508,11,5,0,0.0,2
509,450,5,0,0.0,1
510,432,5,0,0.0,1
511,1466,5,0,0.0,1
512,117,5,0,0.0,2
513,200,5,0,0.0,2
514,129,5,1,1.0,3
515,1262,5,0,0.0,1
516,112,5,0,0.0,1
517,1228,5,0,0.0,1
518,435,5,0,0.0,1
519,447,5,0,0.0,1
520,437,5,0,0.0,1
521,922,5,0,0.0,2
522,916,5,0,0.0,3
523,910,5,0,0.0,1
524,467,5,0,0.0,5
525,1190,5,0,0.0,1
526,31,5,0,0.0,1
527,519,5,0,0.0,1
528,509,5,0,0.0,2
529,102,5,0,0.0,2
530,223,5,0,0.0,3
531,100,5,0,0.0,2
532,991,4,0,0.0,2
533,647,4,0,0.0,1
534,71,4,0,0.0,1
535,687,4,0,0.0,1
536,73,4,0,0.0,1
537,365,4,0,0.0,1
538,1138,4,0,0.0,1
539,1380,4,0,0.0,2
540,1237,4,0,0.0,1
541,353,4,0,0.0,1
542,60,4,0,0.0,1
543,75,4,0,0.0,2
544,921,4,0,0.0,2
545,918,4,0,0.0,1
546,59,4,0,0.0,2
547,714,4,0,0.0,2
548,975,4,0,0.0,2
549,934,4,0,0.0,1
550,1385,4,0,0.0,1
551,939,4,0,0.0,1
552,717,4,0,0.0,1
553,184,4,0,0.0,1
554,1201,4,0,0.0,2
555,978,4,0,0.0,1
556,161,4,0,0.0,2
557,1143,4,0,0.0,2
558,1217,4,0,0.0,2
559,1199,4,0,0.0,1
560,64,4,0,0.0,1
561,357,4,0,0.0,2
562,1146,4,0,0.0,2
563,1051,4,0,0.0,1
564,944,4,0,0.0,1
565,652,4,0,0.0,1
566,1059,4,0,0.0,1
567,62,4,0,0.0,2
568,1250,4,0,0.0,1
569,1339,4,0,0.0,1
570,1011,4,0,0.0,1
571,1000,4,0,0.0,1
572,291,4,0,0.0,4
573,1276,4,0,0.0,1
574,1302,4,0,0.0,4
575,283,4,0,0.0,1
576,206,4,0,0.0,1
577,857,4,0,0.0,2
578,804,4,0,0.0,1
579,1174,4,0,0.0,2
580,252,4,0,0.0,1
581,1268,4,0,0.0,1
582,1282,4,0,0.0,2
583,845,4,0,0.0,1
584,842,4,0,0.0,2
585,821,4,0,0.0,2
586,238,4,0,0.0,1
587,1008,4,0,0.0,1
588,237,4,0,0.0,1
589,226,4,0,0.0,1
590,832,4,0,0.0,1
591,786,4,0,0.0,1
592,1020,4,0,0.0,2
593,189,4,0,0.0,2
594,1256,4,0,0.0,1
595,904,4,0,0.0,4
596,726,4,0,0.0,1
597,1034,4,0,0.0,1
598,1249,4,0,0.0,1
599,1286,4,0,0.0,1
600,165,4,0,0.0,1
601,738,4,0,0.0,2
602,115,4,0,0.0,1
603,1254,4,0,0.0,2
604,132,4,0,0.0,2
605,304,4,0,0.0,2
606,114,4,0,0.0,2
607,1260,4,0,0.0,1
608,324,4,0,0.0,1
609,886,4,0,0.0,1
610,316,4,0,0.0,1
611,1318,4,0,0.0,2
612,199,4,0,0.0,1
613,772,4,0,0.0,1
614,306,4,0,0.0,2
615,637,4,0,0.0,2
616,1108,4,0,0.0,2
617,1465,4,0,0.0,1
618,1402,4,0,0.0,1
619,1457,4,0,0.0,1
620,1075,4,0,0.0,1
621,412,4,0,0.0,2
622,1114,4,0,0.0,1
623,1419,4,0,0.0,1
624,569,4,0,0.0,2
625,481,4,0,0.0,2
626,482,4,0,0.0,1
627,608,4,0,0.0,1
628,538,4,0,0.0,2
629,1464,4,0,0.0,1
630,395,4,0,0.0,1
631,421,4,0,0.0,1
632,29,4,0,0.0,2
633,597,4,0,0.0,2
634,267,4,0,0.0,1
635,1417,4,0,0.0,1
636,159,4,0,0.0,1
637,1416,4,0,0.0,2
638,514,4,0,0.0,1
639,472,4,0,0.0,2
640,1467,4,0,0.0,1
641,1461,4,0,0.0,1
642,463,4,0,0.0,1
643,1071,4,0,0.0,1
644,585,4,0,0.0,1
645,512,4,0,0.0,1
646,374,4,0,0.0,2
647,625,4,0,0.0,2
648,1441,4,0,0.0,1
649,51,4,0,0.0,1
650,500,4,0,0.0,1
651,98,3,0,0.0,1
652,854,3,0,0.0,1
653,1279,3,0,0.0,1
654,834,3,0,0.0,1
655,1092,3,0,0.0,1
656,211,3,0,0.0,1
657,99,3,0,0.0,3
658,1005,3,0,0.0,1
659,33,3,0,0.0,1
660,852,3,0,0.0,1
661,1284,3,0,0.0,1
662,1456,3,0,0.0,1
663,522,3,0,0.0,1
664,521,3,0,0.0,3
665,1291,3,0,0.0,1
666,844,3,0,0.0,1
667,843,3,0,0.0,1
668,802,3,0,0.0,1
669,1292,3,0,0.0,1
670,281,3,0,0.0,1
671,1018,3,0,0.0,1
672,295,3,0,0.0,1
673,785,3,0,0.0,1
674,787,3,0,0.0,1
675,1172,3,0,0.0,1
676,791,3,0,0.0,1
677,290,3,0,0.0,1
678,1015,3,0,0.0,1
679,287,3,0,0.0,1
680,136,3,0,0.0,1
681,1442,3,0,0.0,1
682,1443,3,0,0.0,1
683,1301,3,0,0.0,1
684,1177,3,0,0.0,1
685,55,3,0,0.0,1
686,803,3,0,0.0,1
687,1447,3,0,0.0,1
688,806,3,0,0.0,1
689,271,3,0,0.0,1
690,250,3,0,0.0,1
691,249,3,0,0.0,1
692,244,3,0,0.0,1
693,532,3,0,0.0,1
694,243,3,0,0.0,1
695,171,3,0,0.0,1
696,531,3,0,0.0,3
697,1296,3,0,0.0,1
698,876,3,0,0.0,1
699,1275,3,0,0.0,1
700,14,3,0,0.0,1
701,1240,3,0,0.0,1
702,1239,3,0,0.0,1
703,1238,3,0,0.0,1
704,920,3,0,0.0,1
705,478,3,0,0.0,1
706,15,3,0,0.0,1
707,926,3,0,0.0,1
708,187,3,0,0.0,1
709,185,3,0,0.0,1
710,935,3,0,0.0,1
711,1231,3,0,0.0,1
712,985,3,0,0.0,1
713,448,3,0,0.0,1
714,1242,3,0,0.0,1
715,984,3,0,0.0,1
716,942,3,0,0.0,1
717,451,3,0,0.0,1
718,46,3,0,0.0,1
719,954,3,0,0.0,1
720,1215,3,0,0.0,1
721,959,3,0,0.0,1
722,1213,3,0,0.0,1
723,123,3,0,0.0,1
724,177,3,0,0.0,1
725,176,3,0,0.0,1
726,1209,3,0,0.0,1
727,1241,3,0,0.0,1
728,911,3,0,0.0,1
729,205,3,0,0.0,1
730,1472,3,0,0.0,1
731,108,3,0,0.0,1
732,1272,3,0,0.0,1
733,1271,3,0,0.0,1
734,201,3,0,0.0,1
735,1094,3,0,0.0,1
736,501,3,0,0.0,1
737,1311,3,0,0.0,1
738,109,3,0,0.0,1
739,1264,3,0,0.0,1
740,885,3,0,0.0,1
741,497,3,0,0.0,3
742,436,3,0,0.0,1
743,1188,3,0,0.0,1
744,28,3,0,0.0,1
745,1255,3,0,0.0,1
746,1473,3,0,0.0,1
747,116,3,0,0.0,1
748,261,3,0,0.0,1
749,1116,3,0,0.0,1
750,901,3,0,0.0,1
751,1248,3,0,0.0,1
752,1247,3,0,0.0,1
753,1246,3,0,0.0,1
754,1245,3,0,0.0,1
755,17,3,0,0.0,1
756,1243,3,0,0.0,1
757,299,3,0,0.0,1
758,713,3,0,0.0,1
759,689,3,0,0.0,1
760,725,3,0,0.0,1
761,1425,3,0,0.0,1
762,1420,3,0,0.0,1
763,363,3,0,0.0,1
764,728,3,0,0.0,1
765,341,3,0,0.0,1
766,581,3,0,0.0,1
767,580,3,0,0.0,1
768,164,3,0,0.0,1
769,1331,3,0,0.0,1
770,144,3,0,0.0,1
771,1048,3,0,0.0,1
772,1427,3,0,0.0,1
773,1399,3,0,0.0,1
774,1428,3,0,0.0,1
775,1429,3,0,0.0,1
776,390,3,0,0.0,1
777,653,3,0,0.0,1
778,1430,3,0,0.0,1
779,686,3,0,0.0,1
780,698,3,0,0.0,1
781,1352,3,0,0.0,1
782,600,3,0,0.0,1
783,1424,3,0,0.0,1
784,651,3,0,0.0,1
785,1157,3,0,0.0,1
786,1038,3,0,0.0,1
787,590,3,0,0.0,1
788,347,3,0,0.0,3
789,712,3,0,0.0,1
790,1206,3,0,0.0,1
791,1421,3,0,0.0,1
792,1423,3,0,0.0,1
793,1341,3,0,0.0,3
794,163,3,0,0.0,1
795,1133,3,0,0.0,1
796,586,3,0,0.0,1
797,1383,3,0,0.0,1
798,1340,3,0,0.0,1
799,362,3,0,0.0,1
800,1404,3,0,0.0,1
801,584,3,0,0.0,1
802,591,3,0,0.0,1
803,337,3,0,0.0,1
804,1345,3,0,0.0,1
805,1326,3,0,0.0,1
806,757,3,0,0.0,1
807,400,3,0,0.0,1
808,761,3,0,0.0,1
809,1317,3,0,0.0,1
810,763,3,0,0.0,1
811,310,3,0,0.0,1
812,563,3,0,0.0,1
813,1315,3,0,0.0,1
814,768,3,0,0.0,1
815,769,3,0,0.0,1
816,1130,3,0,0.0,1
817,1135,3,0,0.0,1
818,379,3,0,0.0,1
819,1408,3,0,0.0,1
820,1396,3,0,0.0,1
821,1435,3,0,0.0,1
822,560,3,0,0.0,1
823,774,3,0,0.0,1
824,614,3,0,0.0,3
825,305,3,0,0.0,1
826,332,3,0,0.0,1
827,1434,3,0,0.0,1
828,1414,3,0,0.0,1
829,680,3,0,0.0,1
830,1431,3,0,0.0,1
831,1432,3,0,0.0,1
832,68,3,0,0.0,1
833,1027,3,0,0.0,1
834,1433,3,0,0.0,1
835,367,3,0,0.0,1
836,160,3,0,0.0,1
837,566,3,0,0.0,1
838,1320,3,0,0.0,1
839,602,3,0,0.0,1
840,65,3,0,0.0,1
841,679,2,0,0.0,2
842,1357,2,0,0.0,2
843,930,2,0,0.0,2
844,676,2,0,0.0,2
845,475,2,0,0.0,2
846,681,2,0,0.0,2
847,350,2,0,0.0,2
848,594,2,0,0.0,2
849,192,2,0,0.0,2
850,158,2,0,0.0,2
851,1148,2,0,0.0,2
852,914,2,0,0.0,2
853,492,2,0,0.0,2
854,619,2,0,0.0,2
855,1155,2,0,0.0,2
856,1021,2,0,0.0,2
857,850,2,0,0.0,2
858,1040,2,0,0.0,2
859,398,2,0,0.0,2
860,955,2,0,0.0,2
861,530,2,0,0.0,2
862,336,2,0,0.0,2
863,121,2,2,3.0,2
864,1448,2,0,0.0,2
865,269,2,0,0.0,2
866,178,2,0,0.0,2
867,426,2,0,0.0,2
868,801,2,0,0.0,2
869,1168,2,0,0.0,2
870,1084,2,0,0.0,2
871,373,2,0,0.0,2
872,562,2,0,0.0,2
873,558,2,0,0.0,2
874,528,2,0,0.0,2
875,824,2,0,0.0,2
876,924,2,0,0.0,2
877,453,2,0,0.0,2
878,1329,2,0,0.0,2
879,720,2,0,0.0,2
880,127,2,0,0.0,2
881,848,2,0,0.0,2
882,525,2,0,0.0,2
883,862,2,0,0.0,2
884,148,1,0,0.0,1
885,1144,1,0,0.0,1
886,1112,1,0,0.0,1
887,147,1,0,0.0,1
888,1191,1,0,0.0,1
889,1205,1,0,0.0,1
890,1142,1,0,0.0,1
891,131,1,0,0.0,1
892,1204,1,0,0.0,1
893,1202,1,0,0.0,1
894,1132,1,0,0.0,1
895,1200,1,0,0.0,1
896,1192,1,0,0.0,1
897,126,1,0,0.0,1
898,1139,1,0,0.0,1
899,1145,1,0,0.0,1
900,1193,1,0,0.0,1
901,1194,1,0,0.0,1
902,1196,1,0,0.0,1
903,1109,1,0,0.0,1
904,156,1,0,0.0,1
905,152,1,0,0.0,1
906,1183,1,0,0.0,1
907,1113,1,0,0.0,1
908,153,1,0,0.0,1
909,1120,1,0,0.0,1
910,1160,1,0,0.0,1
911,1162,1,0,0.0,1
912,1128,1,0,0.0,1
913,1178,1,0,0.0,1
914,1121,1,0,0.0,1
915,1163,1,0,0.0,1
916,1164,1,0,0.0,1
917,1166,1,0,0.0,1
918,135,1,0,0.0,1
919,1122,1,0,0.0,1
920,1123,1,0,0.0,1
921,1175,1,0,0.0,1
922,154,1,0,0.0,1
923,1167,1,0,0.0,1
924,1125,1,0,0.0,1
925,139,1,0,0.0,1
926,1126,1,0,0.0,1
927,137,1,0,0.0,1
928,1159,1,0,0.0,1
929,142,1,0,0.0,1
930,1179,1,0,0.0,1
931,1117,1,0,0.0,1
932,1147,1,0,0.0,1
933,1149,1,0,0.0,1
934,1129,1,0,0.0,1
935,1115,1,0,0.0,1
936,145,1,0,0.0,1
937,1151,1,0,0.0,1
938,1189,1,0,0.0,1
939,1153,1,0,0.0,1
940,1118,1,0,0.0,1
941,1119,1,0,0.0,1
942,1186,1,0,0.0,1
943,133,1,0,0.0,1
944,1184,1,0,0.0,1
945,143,1,0,0.0,1
946,1127,1,0,0.0,1
947,1182,1,0,0.0,1
948,1181,1,0,0.0,1
949,1180,1,0,0.0,1
950,1137,1,0,0.0,1
951,458,1,0,0.0,1
952,125,1,0,0.0,1
953,1387,1,0,0.0,1
954,61,1,0,0.0,1
955,1379,1,0,0.0,1
956,1381,1,0,0.0,1
957,1382,1,0,0.0,1
958,1384,1,0,0.0,1
959,1386,1,0,0.0,1
960,1388,1,0,0.0,1
961,1210,1,0,0.0,1
962,1389,1,0,0.0,1
963,54,1,0,0.0,1
964,1395,1,0,0.0,1
965,1397,1,0,0.0,1
966,1398,1,0,0.0,1
967,1400,1,0,0.0,1
968,1375,1,0,0.0,1
969,1374,1,0,0.0,1
970,1372,1,0,0.0,1
971,1371,1,0,0.0,1
972,1370,1,0,0.0,1
973,1369,1,0,0.0,1
974,1368,1,0,0.0,1
975,1363,1,0,0.0,1
976,72,1,0,0.0,1
977,1356,1,0,0.0,1
978,1354,1,0,0.0,1
979,1353,1,0,0.0,1
980,1351,1,0,0.0,1
981,1350,1,0,0.0,1
982,1349,1,0,0.0,1
983,1348,1,0,0.0,1
984,1347,1,0,0.0,1
985,1401,1,0,0.0,1
986,52,1,0,0.0,1
987,1405,1,0,0.0,1
988,32,1,0,0.0,1
989,232,1,1,1.0,1
990,227,1,1,7.0,1
991,216,1,1,1.0,1
992,318,1,0,0.0,1
993,151,1,0,0.0,1
994,278,1,0,0.0,1
995,146,1,0,0.0,1
996,8,1,0,0.0,1
997,30,1,0,0.0,1
998,1470,1,0,0.0,1
999,1469,1,0,0.0,1
1000,1468,1,0,0.0,1
1001,1463,1,0,0.0,1
1002,1462,1,0,0.0,1
1003,34,1,0,0.0,1
1004,1406,1,0,0.0,1
1005,1450,1,0,0.0,1
1006,1449,1,0,0.0,1
1007,1446,1,0,0.0,1
1008,1444,1,0,0.0,1
1009,48,1,0,0.0,1
1010,1439,1,0,0.0,1
1011,50,1,0,0.0,1
1012,1436,1,0,0.0,1
1013,1426,1,0,0.0,1
1014,1413,1,0,0.0,1
1015,1412,1,0,0.0,1
1016,1411,1,0,0.0,1
1017,1410,1,0,0.0,1
1018,1407,1,0,0.0,1
1019,1346,1,0,0.0,1
1020,1344,1,0,0.0,1
1021,76,1,0,0.0,1
1022,1233,1,0,0.0,1
1023,106,1,0,0.0,1
1024,1274,1,0,0.0,1
1025,1270,1,0,0.0,1
1026,1269,1,0,0.0,1
1027,1266,1,0,0.0,1
1028,1265,1,0,0.0,1
1029,1263,1,0,0.0,1
1030,1258,1,0,0.0,1
1031,1257,1,0,0.0,1
1032,1251,1,0,0.0,1
1033,1244,1,0,0.0,1
1034,1236,1,0,0.0,1
1035,1235,1,0,0.0,1
1036,1234,1,0,0.0,1
1037,1232,1,0,0.0,1
1038,104,1,0,0.0,1
1039,1230,1,0,0.0,1
1040,1229,1,0,0.0,1
1041,1227,1,0,0.0,1
1042,1226,1,0,0.0,1
1043,1225,1,0,0.0,1
1044,1224,1,0,0.0,1
1045,1223,1,0,0.0,1
1046,1221,1,0,0.0,1
1047,1220,1,0,0.0,1
1048,118,1,0,0.0,1
1049,120,1,0,0.0,1
1050,1216,1,0,0.0,1
1051,1214,1,0,0.0,1
1052,124,1,0,0.0,1
1053,1278,1,0,0.0,1
1054,1287,1,0,0.0,1
1055,1337,1,0,0.0,1
1056,1314,1,0,0.0,1
1057,1336,1,0,0.0,1
1058,79,1,0,0.0,1
1059,80,1,0,0.0,1
1060,1333,1,0,0.0,1
1061,1332,1,0,0.0,1
1062,1330,1,0,0.0,1
1063,1328,1,0,0.0,1
1064,1327,1,0,0.0,1
1065,1324,1,0,0.0,1
1066,1323,1,0,0.0,1
1067,1322,1,0,0.0,1
1068,85,1,0,0.0,1
1069,1319,1,0,0.0,1
1070,1316,1,0,0.0,1
1071,1312,1,0,0.0,1
1072,97,1,0,0.0,1
1073,1310,1,0,0.0,1
1074,1309,1,0,0.0,1
1075,1107,1,0,0.0,1
1076,1307,1,0,0.0,1
1077,1305,1,0,0.0,1
1078,1304,1,0,0.0,1
1079,90,1,0,0.0,1
1080,1300,1,0,0.0,1
1081,96,1,0,0.0,1
1082,1298,1,0,0.0,1
1083,1297,1,0,0.0,1
1084,1295,1,0,0.0,1
1085,1294,1,0,0.0,1
1086,1293,1,0,0.0,1
1087,87,1,0,0.0,1
1088,976,1,0,0.0,1
1089,1106,1,0,0.0,1
1090,631,1,0,0.0,1
1091,670,1,0,0.0,1
1092,671,1,0,0.0,1
1093,672,1,0,0.0,1
1094,354,1,0,0.0,1
1095,674,1,0,0.0,1
1096,675,1,0,0.0,1
1097,677,1,0,0.0,1
1098,682,1,0,0.0,1
1099,683,1,0,0.0,1
1100,684,1,0,0.0,1
1101,685,1,0,0.0,1
1102,688,1,0,0.0,1
1103,690,1,0,0.0,1
1104,351,1,0,0.0,1
1105,692,1,0,0.0,1
1106,694,1,0,0.0,1
1107,695,1,0,0.0,1
1108,696,1,0,0.0,1
1109,697,1,0,0.0,1
1110,699,1,0,0.0,1
1111,700,1,0,0.0,1
1112,355,1,0,0.0,1
1113,358,1,0,0.0,1
1114,665,1,0,0.0,1
1115,649,1,0,0.0,1
1116,634,1,0,0.0,1
1117,370,1,0,0.0,1
1118,636,1,0,0.0,1
1119,638,1,0,0.0,1
1120,639,1,0,0.0,1
1121,640,1,0,0.0,1
1122,641,1,0,0.0,1
1123,643,1,0,0.0,1
1124,644,1,0,0.0,1
1125,361,1,0,0.0,1
1126,664,1,0,0.0,1
1127,654,1,0,0.0,1
1128,655,1,0,0.0,1
1129,360,1,0,0.0,1
1130,658,1,0,0.0,1
1131,659,1,0,0.0,1
1132,660,1,0,0.0,1
1133,661,1,0,0.0,1
1134,662,1,0,0.0,1
1135,663,1,0,0.0,1
1136,701,1,0,0.0,1
1137,702,1,0,0.0,1
1138,703,1,0,0.0,1
1139,771,1,0,0.0,1
1140,325,1,0,0.0,1
1141,752,1,0,0.0,1
1142,323,1,0,0.0,1
1143,758,1,0,0.0,1
1144,759,1,0,0.0,1
1145,311,1,0,0.0,1
1146,766,1,0,0.0,1
1147,767,1,0,0.0,1
1148,770,1,0,0.0,1
1149,301,1,0,0.0,1
1150,327,1,0,0.0,1
1151,778,1,0,0.0,1
1152,780,1,0,0.0,1
1153,781,1,0,0.0,1
1154,297,1,0,0.0,1
1155,784,1,0,0.0,1
1156,294,1,0,0.0,1
1157,292,1,0,0.0,1
1158,793,1,0,0.0,1
1159,795,1,0,0.0,1
1160,326,1,0,0.0,1
1161,746,1,0,0.0,1
1162,705,1,0,0.0,1
1163,345,1,0,0.0,1
1164,706,1,0,0.0,1
1165,707,1,0,0.0,1
1166,708,1,0,0.0,1
1167,709,1,0,0.0,1
1168,715,1,0,0.0,1
1169,716,1,0,0.0,1
1170,718,1,0,0.0,1
1171,719,1,0,0.0,1
1172,721,1,0,0.0,1
1173,723,1,0,0.0,1
1174,335,1,0,0.0,1
1175,727,1,0,0.0,1
1176,730,1,0,0.0,1
1177,731,1,0,0.0,1
1178,732,1,0,0.0,1
1179,733,1,0,0.0,1
1180,734,1,0,0.0,1
1181,735,1,0,0.0,1
1182,737,1,0,0.0,1
1183,740,1,0,0.0,1
1184,372,1,0,0.0,1
1185,630,1,0,0.0,1
1186,1105,1,0,0.0,1
1187,628,1,0,0.0,1
1188,502,1,0,0.0,1
1189,434,1,0,0.0,1
1190,504,1,0,0.0,1
1191,431,1,0,0.0,1
1192,507,1,0,0.0,1
1193,508,1,0,0.0,1
1194,510,1,0,0.0,1
1195,511,1,0,0.0,1
1196,515,1,0,0.0,1
1197,516,1,0,0.0,1
1198,518,1,0,0.0,1
1199,520,1,0,0.0,1
1200,523,1,0,0.0,1
1201,526,1,0,0.0,1
1202,529,1,0,0.0,1
1203,533,1,0,0.0,1
1204,537,1,0,0.0,1
1205,417,1,0,0.0,1
1206,541,1,0,0.0,1
1207,542,1,0,0.0,1
1208,411,1,0,0.0,1
1209,499,1,0,0.0,1
1210,498,1,0,0.0,1
1211,496,1,0,0.0,1
1212,446,1,0,0.0,1
1213,460,1,0,0.0,1
1214,461,1,0,0.0,1
1215,462,1,0,0.0,1
1216,456,1,0,0.0,1
1217,454,1,0,0.0,1
1218,452,1,0,0.0,1
1219,469,1,0,0.0,1
1220,470,1,0,0.0,1
1221,474,1,0,0.0,1
1222,479,1,0,0.0,1
1223,493,1,0,0.0,1
1224,445,1,0,0.0,1
1225,444,1,0,0.0,1
1226,443,1,0,0.0,1
1227,441,1,0,0.0,1
1228,440,1,0,0.0,1
1229,439,1,0,0.0,1
1230,488,1,0,0.0,1
1231,438,1,0,0.0,1
1232,491,1,0,0.0,1
1233,544,1,0,0.0,1
1234,545,1,0,0.0,1
1235,546,1,0,0.0,1
1236,381,1,0,0.0,1
1237,392,1,0,0.0,1
1238,391,1,0,0.0,1
1239,598,1,0,0.0,1
1240,389,1,0,0.0,1
1241,387,1,0,0.0,1
1242,385,1,0,0.0,1
1243,383,1,0,0.0,1
1244,607,1,0,0.0,1
1245,609,1,0,0.0,1
1246,611,1,0,0.0,1
1247,393,1,0,0.0,1
1248,615,1,0,0.0,1
1249,616,1,0,0.0,1
1250,378,1,0,0.0,1
1251,376,1,0,0.0,1
1252,621,1,0,0.0,1
1253,623,1,0,0.0,1
1254,624,1,0,0.0,1
1255,626,1,0,0.0,1
1256,627,1,0,0.0,1
1257,592,1,0,0.0,1
1258,588,1,0,0.0,1
1259,547,1,0,0.0,1
1260,565,1,0,0.0,1
1261,548,1,0,0.0,1
1262,410,1,0,0.0,1
1263,550,1,0,0.0,1
1264,409,1,0,0.0,1
1265,554,1,0,0.0,1
1266,555,1,0,0.0,1
1267,556,1,0,0.0,1
1268,559,1,0,0.0,1
1269,561,1,0,0.0,1
1270,568,1,0,0.0,1
1271,587,1,0,0.0,1
1272,570,1,0,0.0,1
1273,574,1,0,0.0,1
1274,575,1,0,0.0,1
1275,576,1,0,0.0,1
1276,577,1,0,0.0,1
1277,578,1,0,0.0,1
1278,579,1,0,0.0,1
1279,582,1,0,0.0,1
1280,583,1,0,0.0,1
1281,284,1,0,0.0,1
1282,272,1,0,0.0,1
1283,805,1,0,0.0,1
1284,809,1,0,0.0,1
1285,1006,1,0,0.0,1
1286,172,1,0,0.0,1
1287,1010,1,0,0.0,1
1288,1012,1,0,0.0,1
1289,1013,1,0,0.0,1
1290,1014,1,0,0.0,1
1291,1016,1,0,0.0,1
1292,1017,1,0,0.0,1
1293,1019,1,0,0.0,1
1294,170,1,0,0.0,1
1295,1023,1,0,0.0,1
1296,168,1,0,0.0,1
1297,1025,1,0,0.0,1
1298,1026,1,0,0.0,1
1299,1028,1,0,0.0,1
1300,1029,1,0,0.0,1
1301,1031,1,0,0.0,1
1302,1033,1,0,0.0,1
1303,1035,1,0,0.0,1
1304,1036,1,0,0.0,1
1305,1037,1,0,0.0,1
1306,1004,1,0,0.0,1
1307,1003,1,0,0.0,1
1308,1002,1,0,0.0,1
1309,988,1,0,0.0,1
1310,459,1,0,0.0,1
1311,977,1,0,0.0,1
1312,175,1,0,0.0,1
1313,980,1,0,0.0,1
1314,981,1,0,0.0,1
1315,982,1,0,0.0,1
1316,983,1,0,0.0,1
1317,986,1,0,0.0,1
1318,987,1,0,0.0,1
1319,989,1,0,0.0,1
1320,1001,1,0,0.0,1
1321,173,1,0,0.0,1
1322,992,1,0,0.0,1
1323,993,1,0,0.0,1
1324,994,1,0,0.0,1
1325,995,1,0,0.0,1
1326,996,1,0,0.0,1
1327,997,1,0,0.0,1
1328,998,1,0,0.0,1
1329,999,1,0,0.0,1
1330,1039,1,0,0.0,1
1331,1041,1,0,0.0,1
1332,1043,1,0,0.0,1
1333,1091,1,0,0.0,1
1334,1080,1,0,0.0,1
1335,1081,1,0,0.0,1
1336,1082,1,0,0.0,1
1337,1083,1,0,0.0,1
1338,1085,1,0,0.0,1
1339,1087,1,0,0.0,1
1340,1088,1,0,0.0,1
1341,1089,1,0,0.0,1
1342,1090,1,0,0.0,1
1343,1093,1,0,0.0,1
1344,1077,1,0,0.0,1
1345,1095,1,0,0.0,1
1346,1096,1,0,0.0,1
1347,1098,1,0,0.0,1
1348,157,1,0,0.0,1
1349,1100,1,0,0.0,1
1350,1101,1,0,0.0,1
1351,1102,1,0,0.0,1
1352,1103,1,0,0.0,1
1353,1104,1,0,0.0,1
1354,1078,1,0,0.0,1
1355,1074,1,0,0.0,1
1356,1044,1,0,0.0,1
1357,1058,1,0,0.0,1
1358,1045,1,0,0.0,1
1359,1047,1,0,0.0,1
1360,1049,1,0,0.0,1
1361,1050,1,0,0.0,1
1362,1052,1,0,0.0,1
1363,1053,1,0,0.0,1
1364,1054,1,0,0.0,1
1365,162,1,0,0.0,1
1366,1056,1,0,0.0,1
1367,1060,1,0,0.0,1
1368,1072,1,0,0.0,1
1369,1061,1,0,0.0,1
1370,1062,1,0,0.0,1
1371,1063,1,0,0.0,1
1372,1064,1,0,0.0,1
1373,1065,1,0,0.0,1
1374,1067,1,0,0.0,1
1375,1068,1,0,0.0,1
1376,1069,1,0,0.0,1
1377,1070,1,0,0.0,1
1378,974,1,0,0.0,1
1379,973,1,0,0.0,1
1380,972,1,0,0.0,1
1381,880,1,0,0.0,1
1382,867,1,0,0.0,1
1383,868,1,0,0.0,1
1384,203,1,0,0.0,1
1385,870,1,0,0.0,1
1386,202,1,0,0.0,1
1387,873,1,0,0.0,1
1388,875,1,0,0.0,1
1389,878,1,0,0.0,1
1390,198,1,0,0.0,1
1391,195,1,0,0.0,1
1392,864,1,0,0.0,1
1393,882,1,0,0.0,1
1394,883,1,0,0.0,1
1395,194,1,0,0.0,1
1396,887,1,0,0.0,1
1397,888,1,0,0.0,1
1398,193,1,0,0.0,1
1399,890,1,0,0.0,1
1400,892,1,0,0.0,1
1401,893,1,0,0.0,1
1402,865,1,0,0.0,1
1403,861,1,0,0.0,1
1404,895,1,0,0.0,1
1405,236,1,0,0.0,1
1406,266,1,0,0.0,1
1407,256,1,0,0.0,1
1408,245,1,0,0.0,1
1409,241,1,0,0.0,1
1410,826,1,0,0.0,1
1411,827,1,0,0.0,1
1412,828,1,0,0.0,1
1413,830,1,0,0.0,1
1414,833,1,0,0.0,1
1415,235,1,0,0.0,1
1416,213,1,0,0.0,1
1417,837,1,0,0.0,1
1418,840,1,0,0.0,1
1419,847,1,0,0.0,1
1420,221,1,0,0.0,1
1421,220,1,0,0.0,1
1422,219,1,0,0.0,1
1423,215,1,0,0.0,1
1424,214,1,0,0.0,1
1425,858,1,0,0.0,1
1426,894,1,0,0.0,1
1427,896,1,0,0.0,1
1428,971,1,0,0.0,1
1429,181,1,0,0.0,1
1430,943,1,0,0.0,1
1431,945,1,0,0.0,1
1432,946,1,0,0.0,1
1433,947,1,0,0.0,1
1434,948,1,0,0.0,1
1435,949,1,0,0.0,1
1436,950,1,0,0.0,1
1437,952,1,0,0.0,1
1438,953,1,0,0.0,1
1439,957,1,0,0.0,1
1440,940,1,0,0.0,1
1441,958,1,0,0.0,1
1442,960,1,0,0.0,1
1443,961,1,0,0.0,1
1444,962,1,0,0.0,1
1445,963,1,0,0.0,1
1446,965,1,0,0.0,1
1447,968,1,0,0.0,1
1448,969,1,0,0.0,1
1449,970,1,0,0.0,1
1450,941,1,0,0.0,1
1451,938,1,0,0.0,1
1452,898,1,0,0.0,1
1453,913,1,0,0.0,1
1454,899,1,0,0.0,1
1455,190,1,0,0.0,1
1456,902,1,0,0.0,1
1457,903,1,0,0.0,1
1458,905,1,0,0.0,1
1459,906,1,0,0.0,1
1460,908,1,0,0.0,1
1461,909,1,0,0.0,1
1462,912,1,0,0.0,1
1463,915,1,0,0.0,1
1464,937,1,0,0.0,1
1465,917,1,0,0.0,1
1466,919,1,0,0.0,1
1467,188,1,0,0.0,1
1468,925,1,0,0.0,1
1469,928,1,0,0.0,1
1470,931,1,0,0.0,1
1471,932,1,0,0.0,1
1472,933,1,0,0.0,1
1473,936,1,0,0.0,1
1474,251,1,1,3.0,1
